<?xml version="1.0" encoding="UTF-8" standalone="yes"?>
<manifest>
  <control namespace="TextInputController" constructor="TextInputController" version="0.0.2" display-name-key="TextInputController" description-key="TextInputController description" control-type="standard" api-version="1.3.3">
    <external-service-usage enabled="false"/>
    <property name="textField" display-name-key="Text Field" description-key="Text Field to bind to in Dataverse" of-type="SingleLine.Text" usage="bound" required="true"/>
    <resources>
      <code path="bundle.js" order="1"/>
    </resources>
    <built-by name="pac" version="1.9.9"/>
  </control>
</manifest>