<?xml version="1.0" encoding="UTF-8" standalone="yes"?>
<manifest>
  <control namespace="PCFSlider" constructor="Slider" version="0.0.2" display-name-key="Slider" description-key="Slider description" control-type="standard" api-version="1.3.3">
    <type-group name="numbers">
      <type>Whole.None</type>
      <type>Currency</type>
      <type>FP</type>
      <type>Decimal</type>
    </type-group>
    <property name="sliderValue" display-name-key="sliderValue_Display_Key" description-key="sliderValue_Desc_Key" of-type-group="numbers" usage="bound" required="true"/>
    <external-service-usage enabled="false"/>
    <resources>
      <code path="bundle.js" order="1"/>
      <css path="css/Slider.css" order="1"/>
    </resources>
    <built-by name="pac" version="1.9.9"/>
  </control>
</manifest>