<?xml version="1.0" encoding="UTF-8" standalone="yes"?>
<manifest>
  <control namespace="GridController" constructor="GridController" version="0.0.1" display-name-key="GridController" description-key="GridController description" control-type="standard" api-version="1.3.3">
    <external-service-usage enabled="false"/>
    <data-set name="sampleDataSet" display-name-key="Dataset_Display_Key"/>
    <resources>
      <code path="bundle.js" order="1"/>
    </resources>
    <built-by name="pac" version="1.9.9"/>
  </control>
</manifest>